Workbook

Sheet Tong hop phi
A1: BẢNG TỔNG HỢP PHÍ TỪ ĐỐI TÁC NGÂN HÀNG
A2: Tháng 05/2024 - Ví điện tử PayKX
A3: STT | B3: Ngân hàng đối tác | C3: Mã đối tác | D3: Số giao dịch (thành công) | E3: Doanh số (VND) | F3: Phí cố định (VND) | G3: Tỷ lệ phí (%) | H3: Phí biến đổi (VND) | I3: Tổng phí (VND) | K3: TỔNG HỢP
A4: 1 | B4: Vietcombank | C4: VCB | D4: 128345 | E4: 25364580000 | F4: 1000000 | G4: 0.0008 | H4: =ROUND(E4*G4,0) -> 20291664 | I4: =F4+H4 -> 21291664 | K4: Tổng doanh số (VND) | L4: =E14 -> 120465420000
A5: 2 | B5: BIDV | C5: BIDV | D5: 96732 | E5: 18245760000 | F5: 1000000 | G5: 0.0008 | H5: =ROUND(E5*G5,0) -> 14596608 | I5: =F5+H5 -> 15596608 | K5: Tổng số giao dịch | L5: =D14 -> 641023
A6: 3 | B6: VietinBank | C6: CTG | D6: 87531 | E6: 16834210000 | F6: 1000000 | G6: 0.0007 | H6: =ROUND(E6*G6,0) -> 11783947 | I6: =F6+H6 -> 12783947 | K6: Tổng phí (VND) | L6: =I14 -> 103278682
A7: 4 | B7: Techcombank | C7: TCB | D7: 74113 | E7: 14102330000 | F7: 1000000 | G7: 0.0007 | H7: =ROUND(E7*G7,0) -> 9871631 | I7: =F7+H7 -> 10871631 | K7: Tỷ lệ phí bình quân | L7: =H14/E14 -> 0.00077431915
A8: 5 | B8: MB Bank | C8: MBB | D8: 63921 | E8: 12009880000 | F8: 1000000 | G8: 0.0008 | H8: =ROUND(E8*G8,0) -> 9607904 | I8: =F8+H8 -> 10607904 | K8: Ghi chú:
A9: 6 | B9: ACB | C9: ACB | D9: 52448 | E9: 9455230000 | F9: 1000000 | G9: 0.0008 | H9: =ROUND(E9*G9,0) -> 7564184 | I9: =F9+H9 -> 8564184 | K9: Phí = Phí cố định + (Doanh số x Tỷ lệ phí)
A10: 7 | B10: VPBank | C10: VPB | D10: 49302 | E10: 8921450000 | F10: 1000000 | G10: 0.0008 | H10: =ROUND(E10*G10,0) -> 7137160 | I10: =F10+H10 -> 8137160 | K10: Chữ xanh = số liệu nhập, chữ đen = công thức
A11: 8 | B11: TPBank | C11: TPB | D11: 38654 | E11: 6784120000 | F11: 1000000 | G11: 0.0008 | H11: =ROUND(E11*G11,0) -> 5427296 | I11: =F11+H11 -> 6427296
A12: 9 | B12: OCB | C12: OCB | D12: 27832 | E12: 4982630000 | F12: 1000000 | G12: 0.0008 | H12: =ROUND(E12*G12,0) -> 3986104 | I12: =F12+H12 -> 4986104
A13: 10 | B13: SHB | C13: SHB | D13: 22145 | E13: 3765230000 | F13: 1000000 | G13: 0.0008 | H13: =ROUND(E13*G13,0) -> 3012184 | I13: =F13+H13 -> 4012184
A14: TỔNG CỘNG | D14: =SUM(D4:D13) -> 641023 | E14: =SUM(E4:E13) -> 120465420000 | F14: =SUM(F4:F13) -> 10000000 | H14: =SUM(H4:H13) -> 93278682 | I14: =SUM(I4:I13) -> 103278682

Sheet Bang tra cuu
A1: Mã giao dịch | B1: Tên người dùng | C1: Mã sinh viên
A2: GD0001 | B2: Nguyễn Minh Anh | C2: SV241000
A3: GD0002 | B3: Trần Quốc Bảo | C3: SV241007
A4: GD0003 | B4: Lê Thị Cẩm Tú | C4: SV241014
A5: GD0004 | B5: Phạm Hoàng Nam | C5: SV241021
A6: GD0005 | B6: Võ Thanh Hằng | C6: SV241028
A7: GD0006 | B7: Đặng Gia Huy | C7: SV241035
A8: GD0007 | B8: Bùi Ngọc Lan | C8: SV241042
A9: GD0008 | B9: Hoàng Đức Thịnh | C9: SV241049
A10: GD0009 | B10: Ngô Khánh Linh | C10: SV241056
A11: GD0010 | B11: Dương Tuấn Kiệt | C11: SV241063
A12: GD0011 | B12: Huỳnh Mỹ Duyên | C12: SV241070
... A29: GD0028 | B29: Tạ Diễm My | C29: SV241189

Sheet Doi soat
A1: Mã GD (dữ liệu thô) | B1: Mã GD (đã TRIM) | C1: Tên người dùng | D1: Ngân hàng | E1: Ngày GD | F1: Số tiền PayKX (VND) | G1: Số tiền ngân hàng (VND) | H1: Chênh lệch (VND) | I1: Trạng thái | K1: TỔNG KẾT ĐỐI SOÁT
A2: GD0001 | B2: =TRIM(A2) -> GD0001 | C2: =IFERROR(VLOOKUP(B2,'Bang tra cuu'!$A$2:$B$29,2,FALSE()),"Không tìm thấy") -> Nguyễn Minh Anh | D2: VCB | E2: 45443 | F2: 500000 | G2: 500000 | H2: =G2-F2 -> 0 | I2: =IF(H2=0,"Khớp","Lệch") -> Khớp | K2: Tổng số giao dịch | L2: =COUNTA(B2:B31) -> 30
A3: GD0002 | B3: =TRIM(A3) -> GD0002 | C3: =IFERROR(VLOOKUP(B3,'Bang tra cuu'!$A$2:$B$29,2,FALSE()),"Không tìm thấy") -> Trần Quốc Bảo | D3: BIDV | E3: 45425 | F3: 150000 | G3: 150000 | H3: =G3-F3 -> 0 | I3: =IF(H3=0,"Khớp","Lệch") -> Khớp | K3: Số giao dịch khớp | L3: =COUNTIF(I2:I31,"Khớp") -> 26
A4: GD0003 | B4: =TRIM(A4) -> GD0003 | C4: =IFERROR(VLOOKUP(B4,'Bang tra cuu'!$A$2:$B$29,2,FALSE()),"Không tìm thấy") -> Lê Thị Cẩm Tú | D4: CTG | E4: 45415 | F4: 50000 | G4: 50000 | H4: =G4-F4 -> 0 | I4: =IF(H4=0,"Khớp","Lệch") -> Khớp | K4: Số giao dịch lệch | L4: =COUNTIF(I2:I31,"Lệch") -> 4
A5: GD0004 | B5: =TRIM(A5) -> GD0004 | C5: =IFERROR(VLOOKUP(B5,'Bang tra cuu'!$A$2:$B$29,2,FALSE()),"Không tìm thấy") -> Phạm Hoàng Nam | D5: TCB | E5: 45424 | F5: 100000 | G5: 100000 | H5: =G5-F5 -> 0 | I5: =IF(H5=0,"Khớp","Lệch") -> Khớp | K5: Không tìm thấy người dùng | L5: =COUNTIF(C2:C31,"Không tìm thấy") -> 2
A6: GD0005 | B6: =TRIM(A6) -> GD0005 | C6: =IFERROR(VLOOKUP(B6,'Bang tra cuu'!$A$2:$B$29,2,FALSE()),"Không tìm thấy") -> Võ Thanh Hằng | D6: MBB | E6: 45442 | F6: 50000 | G6: 30000 | H6: =G6-F6 -> -20000 | I6: =IF(H6=0,"Khớp","Lệch") -> Lệch | K6: Tổng chênh lệch (VND) | L6: =SUM(H2:H31) -> 125000
A7: GD0006 | B7: =TRIM(A7) -> GD0006 | C7: =IFERROR(VLOOKUP(B7,'Bang tra cuu'!$A$2:$B$29,2,FALSE()),"Không tìm thấy") -> Đặng Gia Huy | D7: ACB | E7: 45414 | F7: 200000 | G7: 200000 | H7: =G7-F7 -> 0 | I7: =IF(H7=0,"Khớp","Lệch") -> Khớp | K7: Dữ liệu mẫu 30 giao dịch dùng để đối soát
A8: GD0007 | B8: =TRIM(A8) -> GD0007 | C8: =IFERROR(VLOOKUP(B8,'Bang tra cuu'!$A$2:$B$29,2,FALSE()),"Không tìm thấy") -> Bùi Ngọc Lan | D8: VPB | E8: 45426 | F8: 100000 | G8: 100000 | H8: =G8-F8 -> 0 | I8: =IF(H8=0,"Khớp","Lệch") -> Khớp
A9: GD0008 | B9: =TRIM(A9) -> GD0008 | C9: =IFERROR(VLOOKUP(B9,'Bang tra cuu'!$A$2:$B$29,2,FALSE()),"Không tìm thấy") -> Hoàng Đức Thịnh | D9: TPB | E9: 45415 | F9: 1000000 | G9: 1000000 | H9: =G9-F9 -> 0 | I9: =IF(H9=0,"Khớp","Lệch") -> Khớp
A10: GD0009 | B10: =TRIM(A10) -> GD0009 | C10: =IFERROR(VLOOKUP(B10,'Bang tra cuu'!$A$2:$B$29,2,FALSE()),"Không tìm thấy") -> Ngô Khánh Linh | D10: OCB | E10: 45415 | F10: 200000 | G10: 200000 | H10: =G10-F10 -> 0 | I10: =IF(H10=0,"Khớp","Lệch") -> Khớp
A11: GD0010 | B11: =TRIM(A11) -> GD0010 | C11: =IFERROR(VLOOKUP(B11,'Bang tra cuu'!$A$2:$B$29,2,FALSE()),"Không tìm thấy") -> Dương Tuấn Kiệt | D11: SHB | E11: 45414 | F11: 1000000 | G11: 1000000 | H11: =G11-F11 -> 0 | I11: =IF(H11=0,"Khớp","Lệch") -> Khớp
A12: GD0011 | B12: =TRIM(A12) -> GD0011 | C12: =IFERROR(VLOOKUP(B12,'Bang tra cuu'!$A$2:$B$29,2,FALSE()),"Không tìm thấy") -> Huỳnh Mỹ Duyên | D12: VCB | E12: 45443 | F12: 100000 | G12: 100000 | H12: =G12-F12 -> 0 | I12: =IF(H12=0,"Khớp","Lệch") -> Khớp
A13: GD0012 | B13: =TRIM(A13) -> GD0012 | C13: =IFERROR(VLOOKUP(B13,'Bang tra cuu'!$A$2:$B$29,2,FALSE()),"Không tìm thấy") -> Phan Thành Đạt | D13: BIDV | E13: 45433 | F13: 200000 | G13: 250000 | H13: =G13-F13 -> 50000 | I13: =IF(H13=0,"Khớp","Lệch") -> Lệch
A14: GD0013 | B14: =TRIM(A14) -> GD0013 | C14: =IFERROR(VLOOKUP(B14,'Bang tra cuu'!$A$2:$B$29,2,FALSE()),"Không tìm thấy") -> Vũ Thảo Nguyên | D14: CTG | E14: 45431 | F14: 50000 | G14: 50000 | H14: =G14-F14 -> 0 | I14: =IF(H14=0,"Khớp","Lệch") -> Khớp
A15: GD0014 | B15: =TRIM(A15) -> GD0014 | C15: =IFERROR(VLOOKUP(B15,'Bang tra cuu'!$A$2:$B$29,2,FALSE()),"Không tìm thấy") -> Đỗ Anh Khoa | D15: TCB | E15: 45414 | F15: 1000000 | G15: 1000000 | H15: =G15-F15 -> 0 | I15: =IF(H15=0,"Khớp","Lệch") -> Khớp
A16: GD0015 | B16: =TRIM(A16) -> GD0015 | C16: =IFERROR(VLOOKUP(B16,'Bang tra cuu'!$A$2:$B$29,2,FALSE()),"Không tìm thấy") -> Lý Bích Ngọc | D16: MBB | E16: 45414 | F16: 200000 | G16: 200000 | H16: =G16-F16 -> 0 | I16: =IF(H16=0,"Khớp","Lệch") -> Khớp
A17: GD0016 | B17: =TRIM(A17) -> GD0016 | C17: =IFERROR(VLOOKUP(B17,'Bang tra cuu'!$A$2:$B$29,2,FALSE()),"Không tìm thấy") -> Trương Hải Đăng | D17: ACB | E17: 45422 | F17: 150000 | G17: 150000 | H17: =G17-F17 -> 0 | I17: =IF(H17=0,"Khớp","Lệch") -> Khớp
A18: GD0017 | B18: =TRIM(A18) -> GD0017 | C18: =IFERROR(VLOOKUP(B18,'Bang tra cuu'!$A$2:$B$29,2,FALSE()),"Không tìm thấy") -> Mai Phương Thảo | D18: VPB | E18: 45417 | F18: 1000000 | G18: 1000000 | H18: =G18-F18 -> 0 | I18: =IF(H18=0,"Khớp","Lệch") -> Khớp
A19: GD0018 | B19: =TRIM(A19) -> GD0018 | C19: =IFERROR(VLOOKUP(B19,'Bang tra cuu'!$A$2:$B$29,2,FALSE()),"Không tìm thấy") -> Đinh Văn Long | D19: TPB | E19: 45431 | F19: 100000 | G19: 100000 | H19: =G19-F19 -> 0 | I19: =IF(H19=0,"Khớp","Lệch") -> Khớp
... A31: GD0030 | B31: =TRIM(A31) -> GD0030 | C31: =IFERROR(VLOOKUP(B31,'Bang tra cuu'!$A$2:$B$29,2,FALSE()),"Không tìm thấy") -> Không tìm thấy | D31: SHB | E31: 45435 | F31: 150000 | G31: 150000 | H31: =G31-F31 -> 0 | I31: =IF(H31=0,"Khớp","Lệch") -> Khớp
